timeStamp,elapsed,label,responseCode,responseMessage,threadName,dataType,success,failureMessage,bytes,sentBytes,grpThreads,allThreads,Latency,IdleTime,Connect
1485111531728,66,Petición HTTP,502,Bad Gateway,Alcaldia 1-216,text,false,,155,191,248,248,66,0,32
1485111531730,69,Petición HTTP,502,Bad Gateway,Alcaldia 1-218,text,false,,155,191,248,248,69,0,31
1485111531734,65,Petición HTTP,502,Bad Gateway,Alcaldia 1-220,text,false,,155,191,248,248,65,0,30
1485111531732,68,Petición HTTP,502,Bad Gateway,Alcaldia 1-219,text,false,,155,191,248,248,68,0,33
1485111531740,60,Petición HTTP,502,Bad Gateway,Alcaldia 1-222,text,false,,155,191,248,248,60,0,24
1485111531721,79,Petición HTTP,502,Bad Gateway,Alcaldia 1-214,text,false,,155,191,248,248,79,0,31
1485111531724,76,Petición HTTP,502,Bad Gateway,Alcaldia 1-215,text,false,,155,191,248,248,76,0,29
1485111531736,68,Petición HTTP,502,Bad Gateway,Alcaldia 1-221,text,false,,155,191,246,246,68,0,29
1485111531744,62,Petición HTTP,502,Bad Gateway,Alcaldia 1-223,text,false,,155,191,245,245,62,0,30
1485111531749,58,Petición HTTP,502,Bad Gateway,Alcaldia 1-227,text,false,,155,191,245,245,58,0,26
1485111531744,64,Petición HTTP,502,Bad Gateway,Alcaldia 1-224,text,false,,155,191,245,245,64,0,30
1485111531747,62,Petición HTTP,502,Bad Gateway,Alcaldia 1-225,text,false,,155,191,244,244,62,0,28
1485111531747,65,Petición HTTP,502,Bad Gateway,Alcaldia 1-226,text,false,,155,191,245,245,65,0,29
1485111531756,66,Petición HTTP,502,Bad Gateway,Alcaldia 1-230,text,false,,155,191,248,248,66,0,26
1485111531751,71,Petición HTTP,502,Bad Gateway,Alcaldia 1-228,text,false,,155,191,248,248,71,0,26
1485111531760,63,Petición HTTP,502,Bad Gateway,Alcaldia 1-232,text,false,,155,191,247,247,63,0,22
1485111531760,63,Petición HTTP,502,Bad Gateway,Alcaldia 1-231,text,false,,155,191,247,247,63,0,22
1485111531753,70,Petición HTTP,502,Bad Gateway,Alcaldia 1-229,text,false,,155,191,247,247,70,0,29
1485111531766,68,Petición HTTP,502,Bad Gateway,Alcaldia 1-235,text,false,,155,191,249,249,68,0,26
1485111531763,73,Petición HTTP,502,Bad Gateway,Alcaldia 1-233,text,false,,155,191,249,249,73,0,30
1485111531764,72,Petición HTTP,502,Bad Gateway,Alcaldia 1-234,text,false,,155,191,249,249,72,0,29
1485111531773,67,Petición HTTP,502,Bad Gateway,Alcaldia 1-238,text,false,,155,191,249,249,67,0,24
1485111531770,71,Petición HTTP,502,Bad Gateway,Alcaldia 1-237,text,false,,155,191,248,248,71,0,27
1485111531768,73,Petición HTTP,502,Bad Gateway,Alcaldia 1-236,text,false,,155,191,247,247,73,0,26
1485111531774,67,Petición HTTP,502,Bad Gateway,Alcaldia 1-239,text,false,,155,191,247,247,67,0,26
1485111531776,66,Petición HTTP,502,Bad Gateway,Alcaldia 1-240,text,false,,155,191,245,245,66,0,24
1485111531785,62,Petición HTTP,502,Bad Gateway,Alcaldia 1-244,text,false,,155,191,248,248,62,0,28
1485111531781,67,Petición HTTP,502,Bad Gateway,Alcaldia 1-242,text,false,,155,191,247,247,67,0,26
1485111531783,66,Petición HTTP,502,Bad Gateway,Alcaldia 1-243,text,false,,155,191,247,247,66,0,29
1485111531780,69,Petición HTTP,502,Bad Gateway,Alcaldia 1-241,text,false,,155,191,246,246,69,0,27
1485111531787,62,Petición HTTP,502,Bad Gateway,Alcaldia 1-245,text,false,,155,191,246,246,62,0,29
1485111531793,64,Petición HTTP,502,Bad Gateway,Alcaldia 1-248,text,false,,155,191,247,247,64,0,33
1485111531792,65,Petición HTTP,502,Bad Gateway,Alcaldia 1-246,text,false,,155,191,247,247,65,0,34
1485111531792,67,Petición HTTP,502,Bad Gateway,Alcaldia 1-247,text,false,,155,191,248,248,67,0,33
1485111531802,66,Petición HTTP,502,Bad Gateway,Alcaldia 1-252,text,false,,155,191,249,249,66,0,32
1485111531808,61,Petición HTTP,502,Bad Gateway,Alcaldia 1-255,text,false,,155,191,249,249,61,0,31
1485111531800,69,Petición HTTP,502,Bad Gateway,Alcaldia 1-250,text,false,,155,191,249,249,69,0,34
1485111531807,63,Petición HTTP,502,Bad Gateway,Alcaldia 1-254,text,false,,155,191,248,248,63,0,32
1485111531801,69,Petición HTTP,502,Bad Gateway,Alcaldia 1-251,text,false,,155,191,247,247,69,0,33
1485111531802,68,Petición HTTP,502,Bad Gateway,Alcaldia 1-249,text,false,,155,191,247,247,68,0,31
1485111531816,64,Petición HTTP,502,Bad Gateway,Alcaldia 1-259,text,false,,155,191,246,246,64,0,28
1485111531803,77,Petición HTTP,502,Bad Gateway,Alcaldia 1-253,text,false,,155,191,246,246,77,0,35
1485111531812,68,Petición HTTP,502,Bad Gateway,Alcaldia 1-256,text,false,,155,191,246,246,68,0,32
1485111531818,62,Petición HTTP,502,Bad Gateway,Alcaldia 1-260,text,false,,155,191,246,246,62,0,26
1485111531812,68,Petición HTTP,502,Bad Gateway,Alcaldia 1-257,text,false,,155,191,245,245,68,0,32
1485111531820,61,Petición HTTP,502,Bad Gateway,Alcaldia 1-261,text,false,,155,191,242,242,61,0,31
1485111531814,67,Petición HTTP,502,Bad Gateway,Alcaldia 1-258,text,false,,155,191,242,242,67,0,30
1485111531828,76,Petición HTTP,502,Bad Gateway,Alcaldia 1-263,text,false,,155,191,251,251,76,0,30
1485111531823,81,Petición HTTP,502,Bad Gateway,Alcaldia 1-262,text,false,,155,191,251,251,81,0,34
1485111531842,63,Petición HTTP,502,Bad Gateway,Alcaldia 1-271,text,false,,155,191,250,250,63,0,34
1485111531828,77,Petición HTTP,502,Bad Gateway,Alcaldia 1-265,text,false,,155,191,248,248,77,0,35
1485111531830,75,Petición HTTP,502,Bad Gateway,Alcaldia 1-266,text,false,,155,191,247,247,75,0,34
1485111531835,71,Petición HTTP,502,Bad Gateway,Alcaldia 1-268,text,false,,155,191,246,246,71,0,33
1485111531840,66,Petición HTTP,502,Bad Gateway,Alcaldia 1-270,text,false,,155,191,246,246,66,0,35
1485111531833,73,Petición HTTP,502,Bad Gateway,Alcaldia 1-267,text,false,,155,191,245,245,73,0,32
1485111531837,70,Petición HTTP,502,Bad Gateway,Alcaldia 1-269,text,false,,155,191,244,244,70,0,31
1485111531826,78,Petición HTTP,502,Bad Gateway,Alcaldia 1-264,text,false,,155,191,243,243,78,0,32
1485111531851,59,Petición HTTP,502,Bad Gateway,Alcaldia 1-276,text,false,,155,191,243,243,59,0,31
1485111531845,65,Petición HTTP,502,Bad Gateway,Alcaldia 1-273,text,false,,155,191,243,243,65,0,34
1485111531843,69,Petición HTTP,502,Bad Gateway,Alcaldia 1-272,text,false,,155,191,242,242,69,0,36
1485111531853,90,Petición HTTP,502,Bad Gateway,Alcaldia 1-277,text,false,,155,191,256,256,90,0,34
1485111531860,84,Petición HTTP,502,Bad Gateway,Alcaldia 1-280,text,false,,155,191,255,255,84,0,30
1485111531864,81,Petición HTTP,502,Bad Gateway,Alcaldia 1-282,text,false,,155,191,255,255,81,0,27
1485111531862,82,Petición HTTP,502,Bad Gateway,Alcaldia 1-281,text,false,,155,191,254,254,82,0,29
1485111531881,65,Petición HTTP,502,Bad Gateway,Alcaldia 1-287,text,false,,155,191,255,255,65,0,32
1485111531870,76,Petición HTTP,502,Bad Gateway,Alcaldia 1-285,text,false,,155,191,255,255,76,0,33
1485111531869,77,Petición HTTP,502,Bad Gateway,Alcaldia 1-284,text,false,,155,191,253,253,77,0,34
1485111531873,74,Petición HTTP,502,Bad Gateway,Alcaldia 1-286,text,false,,155,191,252,252,74,0,35
1485111531858,89,Petición HTTP,502,Bad Gateway,Alcaldia 1-279,text,false,,155,191,252,252,89,0,30
1485111531867,81,Petición HTTP,502,Bad Gateway,Alcaldia 1-283,text,false,,155,191,250,250,81,0,33
1485111531856,93,Petición HTTP,502,Bad Gateway,Alcaldia 1-278,text,false,,155,191,249,249,93,0,31
1485111531887,79,Petición HTTP,502,Bad Gateway,Alcaldia 1-290,text,false,,155,191,256,256,79,0,39
1485111531892,74,Petición HTTP,502,Bad Gateway,Alcaldia 1-291,text,false,,155,191,256,256,74,0,33
1485111531883,83,Petición HTTP,502,Bad Gateway,Alcaldia 1-288,text,false,,155,191,255,255,83,0,36
1485111531893,74,Petición HTTP,502,Bad Gateway,Alcaldia 1-293,text,false,,155,191,253,253,74,0,33
1485111531897,70,Petición HTTP,502,Bad Gateway,Alcaldia 1-295,text,false,,155,191,252,252,70,0,31
1485111531885,82,Petición HTTP,502,Bad Gateway,Alcaldia 1-289,text,false,,155,191,252,252,82,0,43
1485111531896,71,Petición HTTP,502,Bad Gateway,Alcaldia 1-294,text,false,,155,191,252,252,71,0,30
1485111531892,84,Petición HTTP,502,Bad Gateway,Alcaldia 1-292,text,false,,155,191,253,253,84,0,34
1485111531899,83,Petición HTTP,502,Bad Gateway,Alcaldia 1-296,text,false,,155,191,255,255,83,0,36
1485111531906,76,Petición HTTP,502,Bad Gateway,Alcaldia 1-299,text,false,,155,191,255,255,76,0,29
1485111531927,56,Petición HTTP,502,Bad Gateway,Alcaldia 1-309,text,false,,155,191,256,256,56,0,29
1485111531913,70,Petición HTTP,502,Bad Gateway,Alcaldia 1-302,text,false,,155,191,256,256,70,0,30
1485111531920,63,Petición HTTP,502,Bad Gateway,Alcaldia 1-306,text,false,,155,191,255,255,63,0,36
1485111531908,75,Petición HTTP,502,Bad Gateway,Alcaldia 1-300,text,false,,155,191,255,255,75,0,36
1485111531904,80,Petición HTTP,502,Bad Gateway,Alcaldia 1-298,text,false,,155,191,255,255,80,0,31
1485111531911,73,Petición HTTP,502,Bad Gateway,Alcaldia 1-301,text,false,,155,191,255,255,73,0,33
1485111531916,68,Petición HTTP,502,Bad Gateway,Alcaldia 1-304,text,false,,155,191,254,254,68,0,30
1485111531914,71,Petición HTTP,502,Bad Gateway,Alcaldia 1-303,text,false,,155,191,248,248,71,0,29
1485111531902,83,Petición HTTP,502,Bad Gateway,Alcaldia 1-297,text,false,,155,191,247,247,83,0,33
1485111531919,76,Petición HTTP,502,Bad Gateway,Alcaldia 1-305,text,false,,155,191,251,251,76,0,38
1485111531929,67,Petición HTTP,502,Bad Gateway,Alcaldia 1-310,text,false,,155,191,251,251,67,0,34
1485111531923,73,Petición HTTP,502,Bad Gateway,Alcaldia 1-307,text,false,,155,191,251,251,73,0,34
1485111531926,70,Petición HTTP,502,Bad Gateway,Alcaldia 1-308,text,false,,155,191,249,249,70,0,31
1485111531940,68,Petición HTTP,502,Bad Gateway,Alcaldia 1-315,text,false,,155,191,253,253,68,0,36
1485111531936,72,Petición HTTP,502,Bad Gateway,Alcaldia 1-313,text,false,,155,191,253,253,72,0,40
1485111531933,85,Petición HTTP,502,Bad Gateway,Alcaldia 1-312,text,false,,155,191,256,256,85,0,43
1485111531931,87,Petición HTTP,502,Bad Gateway,Alcaldia 1-311,text,false,,155,191,256,256,87,0,45
1485111531942,76,Petición HTTP,502,Bad Gateway,Alcaldia 1-316,text,false,,155,191,256,256,76,0,37
1485111531953,66,Petición HTTP,502,Bad Gateway,Alcaldia 1-321,text,false,,155,191,253,253,66,0,32
1485111531947,72,Petición HTTP,502,Bad Gateway,Alcaldia 1-318,text,false,,155,191,252,252,72,0,33
1485111531945,75,Petición HTTP,502,Bad Gateway,Alcaldia 1-317,text,false,,155,191,252,252,75,0,35
1485111531938,82,Petición HTTP,502,Bad Gateway,Alcaldia 1-314,text,false,,155,191,250,250,82,0,41
1485111531955,65,Petición HTTP,502,Bad Gateway,Alcaldia 1-322,text,false,,155,191,250,250,65,0,32
1485111531949,73,Petición HTTP,502,Bad Gateway,Alcaldia 1-319,text,false,,155,191,249,249,73,0,37
1485111531959,71,Petición HTTP,502,Bad Gateway,Alcaldia 1-324,text,false,,155,191,252,252,71,0,36
1485111531957,73,Petición HTTP,502,Bad Gateway,Alcaldia 1-323,text,false,,155,191,252,252,73,0,39
1485111531964,66,Petición HTTP,502,Bad Gateway,Alcaldia 1-326,text,false,,155,191,252,252,66,0,31
1485111531961,69,Petición HTTP,502,Bad Gateway,Alcaldia 1-325,text,false,,155,191,252,252,69,0,34
1485111531966,64,Petición HTTP,502,Bad Gateway,Alcaldia 1-327,text,false,,155,191,252,252,64,0,34
1485111531974,70,Petición HTTP,502,Bad Gateway,Alcaldia 1-331,text,false,,155,191,254,254,70,0,37
1485111531970,74,Petición HTTP,502,Bad Gateway,Alcaldia 1-329,text,false,,155,191,253,253,74,0,41
1485111531968,76,Petición HTTP,502,Bad Gateway,Alcaldia 1-328,text,false,,155,191,252,252,76,0,43
1485111531973,72,Petición HTTP,502,Bad Gateway,Alcaldia 1-330,text,false,,155,191,252,252,72,0,38
1485111531980,76,Petición HTTP,502,Bad Gateway,Alcaldia 1-333,text,false,,155,191,255,255,76,0,32
1485111531976,81,Petición HTTP,502,Bad Gateway,Alcaldia 1-332,text,false,,155,191,255,255,81,0,36
1485111531980,77,Petición HTTP,502,Bad Gateway,Alcaldia 1-334,text,false,,155,191,255,255,77,0,32
1485111531986,87,Petición HTTP,502,Bad Gateway,Alcaldia 1-337,text,false,,155,191,261,261,87,0,43
1485111531989,85,Petición HTTP,502,Bad Gateway,Alcaldia 1-338,text,false,,155,191,261,261,85,0,41
1485111531993,81,Petición HTTP,502,Bad Gateway,Alcaldia 1-340,text,false,,155,191,259,259,81,0,37
1485111531984,93,Petición HTTP,502,Bad Gateway,Alcaldia 1-336,text,false,,155,191,259,259,93,0,45
1485111531995,83,Petición HTTP,502,Bad Gateway,Alcaldia 1-341,text,false,,155,191,259,259,83,0,34
1485111531983,96,Petición HTTP,502,Bad Gateway,Alcaldia 1-335,text,false,,155,191,258,258,96,0,47
1485111531991,88,Petición HTTP,502,Bad Gateway,Alcaldia 1-339,text,false,,155,191,257,257,88,0,39
1485111531997,83,Petición HTTP,502,Bad Gateway,Alcaldia 1-342,text,false,,155,191,257,257,83,0,35
1485111531999,81,Petición HTTP,502,Bad Gateway,Alcaldia 1-343,text,false,,155,191,256,256,81,0,32
1485111532001,79,Petición HTTP,502,Bad Gateway,Alcaldia 1-344,text,false,,155,191,255,255,79,0,31
1485111532003,77,Petición HTTP,502,Bad Gateway,Alcaldia 1-345,text,false,,155,191,255,255,77,0,28
1485111532011,86,Petición HTTP,502,Bad Gateway,Alcaldia 1-349,text,false,,155,191,261,261,86,0,28
1485111532009,89,Petición HTTP,502,Bad Gateway,Alcaldia 1-348,text,false,,155,191,260,260,89,0,31
1485111532018,80,Petición HTTP,502,Bad Gateway,Alcaldia 1-352,text,false,,155,191,259,259,80,0,27
1485111532014,85,Petición HTTP,502,Bad Gateway,Alcaldia 1-350,text,false,,155,191,258,258,85,0,31
1485111532016,84,Petición HTTP,502,Bad Gateway,Alcaldia 1-351,text,false,,155,191,258,258,84,0,30
1485111532007,95,Petición HTTP,502,Bad Gateway,Alcaldia 1-347,text,false,,155,191,258,258,95,0,27
1485111532020,83,Petición HTTP,502,Bad Gateway,Alcaldia 1-353,text,false,,155,191,258,258,83,0,30
1485111532005,98,Petición HTTP,502,Bad Gateway,Alcaldia 1-346,text,false,,155,191,257,257,98,0,29
1485111532026,84,Petición HTTP,502,Bad Gateway,Alcaldia 1-356,text,false,,155,191,257,257,84,0,50
1485111532022,88,Petición HTTP,502,Bad Gateway,Alcaldia 1-354,text,false,,155,191,257,257,88,0,56
1485111532031,80,Petición HTTP,502,Bad Gateway,Alcaldia 1-358,text,false,,155,191,256,256,80,0,47
1485111532029,82,Petición HTTP,502,Bad Gateway,Alcaldia 1-357,text,false,,155,191,256,256,82,0,47
1485111532024,87,Petición HTTP,502,Bad Gateway,Alcaldia 1-355,text,false,,155,191,256,256,87,0,51
1485111532033,79,Petición HTTP,502,Bad Gateway,Alcaldia 1-359,text,false,,155,191,255,255,79,0,44
1485111532037,100,Petición HTTP,502,Bad Gateway,Alcaldia 1-361,text,false,,155,191,258,258,100,0,60
1485111532039,100,Petición HTTP,502,Bad Gateway,Alcaldia 1-362,text,false,,155,191,259,259,100,0,62
1485111532045,94,Petición HTTP,502,Bad Gateway,Alcaldia 1-365,text,false,,155,191,259,259,94,0,52
1485111532050,88,Petición HTTP,502,Bad Gateway,Alcaldia 1-367,text,false,,155,191,259,259,88,0,48
1485111532054,85,Petición HTTP,502,Bad Gateway,Alcaldia 1-369,text,false,,155,191,258,258,85,0,46
1485111532057,82,Petición HTTP,502,Bad Gateway,Alcaldia 1-370,text,false,,155,191,258,258,82,0,41
1485111532061,78,Petición HTTP,502,Bad Gateway,Alcaldia 1-372,text,false,,155,191,257,257,78,0,38
1485111532065,75,Petición HTTP,502,Bad Gateway,Alcaldia 1-374,text,false,,155,191,257,257,75,0,34
1485111532058,82,Petición HTTP,502,Bad Gateway,Alcaldia 1-371,text,false,,155,191,257,257,82,0,41
1485111532052,88,Petición HTTP,502,Bad Gateway,Alcaldia 1-368,text,false,,155,191,257,257,88,0,48
1485111532044,96,Petición HTTP,502,Bad Gateway,Alcaldia 1-364,text,false,,155,191,255,255,96,0,57
1485111532063,77,Petición HTTP,502,Bad Gateway,Alcaldia 1-373,text,false,,155,191,255,255,77,0,36
1485111532067,74,Petición HTTP,502,Bad Gateway,Alcaldia 1-375,text,false,,155,191,254,254,74,0,32
1485111532041,102,Petición HTTP,502,Bad Gateway,Alcaldia 1-363,text,false,,155,191,254,254,102,0,56
1485111532048,96,Petición HTTP,502,Bad Gateway,Alcaldia 1-366,text,false,,155,191,253,253,96,0,53
1485111532077,68,Petición HTTP,502,Bad Gateway,Alcaldia 1-380,text,false,,155,191,252,252,68,0,33
1485111532071,76,Petición HTTP,502,Bad Gateway,Alcaldia 1-377,text,false,,155,191,247,247,76,0,37
1485111532035,113,Petición HTTP,502,Bad Gateway,Alcaldia 1-360,text,false,,155,191,246,246,113,0,68
1485111532076,72,Petición HTTP,502,Bad Gateway,Alcaldia 1-379,text,false,,155,191,246,246,72,0,36
1485111532073,75,Petición HTTP,502,Bad Gateway,Alcaldia 1-378,text,false,,155,191,246,246,75,0,38
1485111532069,80,Petición HTTP,502,Bad Gateway,Alcaldia 1-376,text,false,,155,191,245,245,80,0,40
1485111532088,90,Petición HTTP,502,Bad Gateway,Alcaldia 1-385,text,false,,155,191,250,250,90,0,49
1485111532103,78,Petición HTTP,502,Bad Gateway,Alcaldia 1-392,text,false,,155,191,251,251,78,0,39
1485111532097,85,Petición HTTP,502,Bad Gateway,Alcaldia 1-389,text,false,,155,191,251,251,85,0,41
1485111532105,77,Petición HTTP,502,Bad Gateway,Alcaldia 1-393,text,false,,155,191,251,251,77,0,33
1485111532082,101,Petición HTTP,502,Bad Gateway,Alcaldia 1-382,text,false,,155,191,248,248,101,0,55
1485111532079,104,Petición HTTP,502,Bad Gateway,Alcaldia 1-381,text,false,,155,191,248,248,104,0,44
1485111532086,97,Petición HTTP,502,Bad Gateway,Alcaldia 1-384,text,false,,155,191,246,246,97,0,55
1485111532095,88,Petición HTTP,502,Bad Gateway,Alcaldia 1-388,text,false,,155,191,245,245,88,0,43
1485111532084,112,Petición HTTP,502,Bad Gateway,Alcaldia 1-383,text,false,,155,191,250,250,112,0,61
1485111532093,103,Petición HTTP,502,Bad Gateway,Alcaldia 1-387,text,false,,155,191,251,251,103,0,51
1485111532090,107,Petición HTTP,502,Bad Gateway,Alcaldia 1-386,text,false,,155,191,252,252,107,0,52
1485111532115,83,Petición HTTP,502,Bad Gateway,Alcaldia 1-394,text,false,,155,191,253,253,83,0,32
1485111532138,82,Petición HTTP,502,Bad Gateway,Alcaldia 1-401,text,false,,155,191,261,261,82,0,46
1485111532142,105,Petición HTTP,502,Bad Gateway,Alcaldia 1-402,text,false,,155,191,273,273,105,0,55
1485111532127,121,Petición HTTP,502,Bad Gateway,Alcaldia 1-396,text,false,,155,191,272,272,121,0,71
1485111532129,119,Petición HTTP,502,Bad Gateway,Alcaldia 1-397,text,false,,155,191,271,271,119,0,68
1485111532147,102,Petición HTTP,502,Bad Gateway,Alcaldia 1-405,text,false,,155,191,271,271,102,0,51
1485111532143,106,Petición HTTP,502,Bad Gateway,Alcaldia 1-403,text,false,,155,191,269,269,106,0,54
1485111532131,118,Petición HTTP,502,Bad Gateway,Alcaldia 1-398,text,false,,155,191,269,269,118,0,66
1485111532133,117,Petición HTTP,502,Bad Gateway,Alcaldia 1-399,text,false,,155,191,268,268,117,0,64
1485111532135,115,Petición HTTP,502,Bad Gateway,Alcaldia 1-400,text,false,,155,191,267,267,115,0,63
1485111532150,100,Petición HTTP,502,Bad Gateway,Alcaldia 1-407,text,false,,155,191,266,266,100,0,48
1485111532147,104,Petición HTTP,502,Bad Gateway,Alcaldia 1-404,text,false,,155,191,265,265,104,0,51
1485111532162,97,Petición HTTP,502,Bad Gateway,Alcaldia 1-411,text,false,,155,191,268,268,97,0,37
1485111532154,106,Petición HTTP,502,Bad Gateway,Alcaldia 1-409,text,false,,155,191,268,268,106,0,46
1485111532162,100,Petición HTTP,502,Bad Gateway,Alcaldia 1-410,text,false,,155,191,269,269,100,0,37
1485111532152,109,Petición HTTP,502,Bad Gateway,Alcaldia 1-408,text,false,,155,191,269,269,109,0,47
1485111532181,90,Petición HTTP,502,Bad Gateway,Alcaldia 1-418,text,false,,155,191,270,270,90,0,39
1485111532170,101,Petición HTTP,502,Bad Gateway,Alcaldia 1-413,text,false,,155,191,270,270,101,0,49
1485111532167,104,Petición HTTP,502,Bad Gateway,Alcaldia 1-412,text,false,,155,191,269,269,104,0,51
1485111532186,97,Petición HTTP,502,Bad Gateway,Alcaldia 1-419,text,false,,155,191,272,272,97,0,35
1485111532187,96,Petición HTTP,502,Bad Gateway,Alcaldia 1-421,text,false,,155,191,272,272,96,0,33
1485111532185,99,Petición HTTP,502,Bad Gateway,Alcaldia 1-415,text,false,,155,191,273,273,99,0,35
1485111532186,116,Petición HTTP,502,Bad Gateway,Alcaldia 1-420,text,false,,155,191,278,278,116,0,45
1485111532185,118,Petición HTTP,502,Bad Gateway,Alcaldia 1-414,text,false,,155,191,277,277,118,0,46
1485111532184,132,Petición HTTP,502,Bad Gateway,Alcaldia 1-417,text,false,,155,191,282,282,132,0,47
1485111532196,121,Petición HTTP,502,Bad Gateway,Alcaldia 1-422,text,false,,155,191,282,282,121,0,50
1485111532197,120,Petición HTTP,502,Bad Gateway,Alcaldia 1-423,text,false,,155,191,282,282,120,0,47
1485111532199,119,Petición HTTP,502,Bad Gateway,Alcaldia 1-427,text,false,,155,191,283,283,119,0,46
1485111532201,117,Petición HTTP,502,Bad Gateway,Alcaldia 1-428,text,false,,155,191,282,282,117,0,57
1485111532197,121,Petición HTTP,502,Bad Gateway,Alcaldia 1-424,text,false,,155,191,282,282,121,0,47
1485111532197,120,Petición HTTP,502,Bad Gateway,Alcaldia 1-425,text,false,,155,191,282,282,120,0,53
1485111532198,119,Petición HTTP,502,Bad Gateway,Alcaldia 1-426,text,false,,155,191,282,282,119,0,47
1485111532213,108,Petición HTTP,502,Bad Gateway,Alcaldia 1-430,text,false,,155,191,283,283,108,0,45
1485111532215,107,Petición HTTP,502,Bad Gateway,Alcaldia 1-434,text,false,,155,191,283,283,107,0,43
1485111532214,108,Petición HTTP,502,Bad Gateway,Alcaldia 1-431,text,false,,155,191,283,283,108,0,45
1485111532204,113,Petición HTTP,502,Bad Gateway,Alcaldia 1-429,text,false,,155,191,282,282,113,0,42
1485111532214,123,Petición HTTP,502,Bad Gateway,Alcaldia 1-432,text,false,,155,191,280,280,123,0,54
1485111532219,118,Petición HTTP,502,Bad Gateway,Alcaldia 1-436,text,false,,155,191,281,281,118,0,55
1485111532214,123,Petición HTTP,502,Bad Gateway,Alcaldia 1-433,text,false,,155,191,281,281,123,0,54
1485111532216,121,Petición HTTP,502,Bad Gateway,Alcaldia 1-435,text,false,,155,191,281,281,121,0,44
1485111532230,128,Petición HTTP,502,Bad Gateway,Alcaldia 1-441,text,false,,155,191,285,285,128,0,72
1485111532229,129,Petición HTTP,502,Bad Gateway,Alcaldia 1-439,text,false,,155,191,285,285,129,0,73
1485111532229,129,Petición HTTP,502,Bad Gateway,Alcaldia 1-440,text,false,,155,191,285,285,129,0,73
1485111532243,126,Petición HTTP,502,Bad Gateway,Alcaldia 1-447,text,false,,155,191,283,283,126,0,72
1485111532233,136,Petición HTTP,502,Bad Gateway,Alcaldia 1-442,text,false,,155,191,282,282,136,0,82
1485111532239,131,Petición HTTP,502,Bad Gateway,Alcaldia 1-445,text,false,,155,191,281,281,131,0,76
1485111532241,129,Petición HTTP,502,Bad Gateway,Alcaldia 1-446,text,false,,155,191,280,280,129,0,74
1485111532221,159,Petición HTTP,502,Bad Gateway,Alcaldia 1-437,text,false,,155,191,279,279,159,0,94
1485111532250,137,Petición HTTP,502,Bad Gateway,Alcaldia 1-450,text,false,,155,191,278,278,137,0,66
1485111532258,130,Petición HTTP,502,Bad Gateway,Alcaldia 1-454,text,false,,155,191,277,277,130,0,59
1485111532237,150,Petición HTTP,502,Bad Gateway,Alcaldia 1-444,text,false,,155,191,277,277,150,0,79
1485111532245,152,Petición HTTP,502,Bad Gateway,Alcaldia 1-448,text,false,,155,191,275,275,152,0,72
1485111532256,141,Petición HTTP,502,Bad Gateway,Alcaldia 1-453,text,false,,155,191,274,274,141,0,61
1485111532247,153,Petición HTTP,502,Bad Gateway,Alcaldia 1-449,text,false,,155,191,273,273,153,0,70
1485111532279,121,Petición HTTP,502,Bad Gateway,Alcaldia 1-463,text,false,,155,191,272,272,121,0,42
1485111532252,149,Petición HTTP,502,Bad Gateway,Alcaldia 1-451,text,false,,155,191,271,271,149,0,65
1485111532278,123,Petición HTTP,502,Bad Gateway,Alcaldia 1-461,text,false,,155,191,271,271,123,0,43
1485111532279,122,Petición HTTP,502,Bad Gateway,Alcaldia 1-464,text,false,,155,191,271,271,122,0,41
1485111532278,123,Petición HTTP,502,Bad Gateway,Alcaldia 1-462,text,false,,155,191,270,270,123,0,43
1485111532254,147,Petición HTTP,502,Bad Gateway,Alcaldia 1-452,text,false,,155,191,270,270,147,0,63
1485111532260,141,Petición HTTP,502,Bad Gateway,Alcaldia 1-455,text,false,,155,191,270,270,141,0,60
1485111532262,139,Petición HTTP,502,Bad Gateway,Alcaldia 1-456,text,false,,155,191,269,269,139,0,58
1485111532235,166,Petición HTTP,502,Bad Gateway,Alcaldia 1-443,text,false,,155,191,269,269,166,0,80
1485111532297,109,Petición HTTP,502,Bad Gateway,Alcaldia 1-470,text,false,,155,191,263,263,109,0,50
1485111532267,139,Petición HTTP,502,Bad Gateway,Alcaldia 1-458,text,false,,155,191,263,263,139,0,55
1485111532298,109,Petición HTTP,502,Bad Gateway,Alcaldia 1-471,text,false,,155,191,263,263,109,0,59
1485111532298,109,Petición HTTP,502,Bad Gateway,Alcaldia 1-472,text,false,,155,191,263,263,109,0,52
1485111532313,95,Petición HTTP,502,Bad Gateway,Alcaldia 1-479,text,false,,155,191,263,263,95,0,44
1485111532265,143,Petición HTTP,502,Bad Gateway,Alcaldia 1-457,text,false,,155,191,263,263,143,0,57
1485111532300,108,Petición HTTP,502,Bad Gateway,Alcaldia 1-474,text,false,,155,191,263,263,108,0,57
1485111532299,109,Petición HTTP,502,Bad Gateway,Alcaldia 1-473,text,false,,155,191,263,263,109,0,58
1485111532312,97,Petición HTTP,502,Bad Gateway,Alcaldia 1-476,text,false,,155,191,263,263,97,0,44
1485111532312,97,Petición HTTP,502,Bad Gateway,Alcaldia 1-477,text,false,,155,191,263,263,97,0,45
1485111532303,106,Petición HTTP,502,Bad Gateway,Alcaldia 1-475,text,false,,155,191,263,263,106,0,53
1485111532288,121,Petición HTTP,502,Bad Gateway,Alcaldia 1-468,text,false,,155,191,263,263,121,0,60
1485111532314,97,Petición HTTP,502,Bad Gateway,Alcaldia 1-480,text,false,,155,191,259,259,97,0,55
1485111532296,115,Petición HTTP,502,Bad Gateway,Alcaldia 1-469,text,false,,155,191,259,259,115,0,51
1485111532316,98,Petición HTTP,502,Bad Gateway,Alcaldia 1-481,text,false,,155,191,249,249,98,0,63
1485111532313,101,Petición HTTP,502,Bad Gateway,Alcaldia 1-478,text,false,,155,191,249,249,101,0,56
1485111532318,98,Petición HTTP,502,Bad Gateway,Alcaldia 1-482,text,false,,155,191,247,247,98,0,69
1485111532329,88,Petición HTTP,502,Bad Gateway,Alcaldia 1-485,text,false,,155,191,246,246,88,0,57
1485111532324,93,Petición HTTP,502,Bad Gateway,Alcaldia 1-484,text,false,,155,191,245,245,93,0,63
1485111532320,97,Petición HTTP,502,Bad Gateway,Alcaldia 1-483,text,false,,155,191,245,245,97,0,67
1485111532335,105,Petición HTTP,502,Bad Gateway,Alcaldia 1-490,text,false,,155,191,243,243,105,0,61
1485111532331,109,Petición HTTP,502,Bad Gateway,Alcaldia 1-487,text,false,,155,191,243,243,109,0,65
1485111532332,109,Petición HTTP,502,Bad Gateway,Alcaldia 1-488,text,false,,155,191,243,243,109,0,64
1485111532339,102,Petición HTTP,502,Bad Gateway,Alcaldia 1-492,text,false,,155,191,243,243,102,0,57
1485111532341,100,Petición HTTP,502,Bad Gateway,Alcaldia 1-493,text,false,,155,191,239,239,100,0,56
1485111532333,111,Petición HTTP,502,Bad Gateway,Alcaldia 1-489,text,false,,155,191,238,238,111,0,63
1485111532330,115,Petición HTTP,502,Bad Gateway,Alcaldia 1-486,text,false,,155,191,238,238,115,0,66
1485111532337,109,Petición HTTP,502,Bad Gateway,Alcaldia 1-491,text,false,,155,191,236,236,109,0,60
1485111532343,103,Petición HTTP,502,Bad Gateway,Alcaldia 1-494,text,false,,155,191,236,236,103,0,57
1485111532345,101,Petición HTTP,502,Bad Gateway,Alcaldia 1-495,text,false,,155,191,235,235,101,0,55
1485111532347,100,Petición HTTP,502,Bad Gateway,Alcaldia 1-496,text,false,,155,191,234,234,100,0,53
1485111532354,93,Petición HTTP,502,Bad Gateway,Alcaldia 1-499,text,false,,155,191,233,233,93,0,45
1485111532352,96,Petición HTTP,502,Bad Gateway,Alcaldia 1-498,text,false,,155,191,232,232,96,0,48
1485111532350,99,Petición HTTP,502,Bad Gateway,Alcaldia 1-497,text,false,,155,191,231,231,99,0,50
1485111531418,1142,Petición HTTP,502,Bad Gateway,Alcaldia 1-69,text,false,,155,191,229,229,1142,0,1061
1485111531462,1120,Petición HTTP,502,Bad Gateway,Alcaldia 1-90,text,false,,155,191,228,228,1120,0,1092
1485111531464,1123,Petición HTTP,502,Bad Gateway,Alcaldia 1-91,text,false,,155,191,227,227,1123,0,1095
1485111531459,1130,Petición HTTP,502,Bad Gateway,Alcaldia 1-89,text,false,,155,191,226,226,1130,0,1100
1485111531468,1126,Petición HTTP,502,Bad Gateway,Alcaldia 1-93,text,false,,155,191,225,225,1126,0,1091
1485111531529,1066,Petición HTTP,502,Bad Gateway,Alcaldia 1-122,text,false,,155,191,224,224,1066,0,1039
1485111531530,1066,Petición HTTP,502,Bad Gateway,Alcaldia 1-123,text,false,,155,191,223,223,1066,0,1033
1485111531847,1068,Petición HTTP,502,Bad Gateway,Alcaldia 1-274,text,false,,155,191,222,222,1068,0,1040
1485111531850,1074,Petición HTTP,502,Bad Gateway,Alcaldia 1-275,text,false,,155,191,221,221,1074,0,1038
1485111531951,1070,Petición HTTP,502,Bad Gateway,Alcaldia 1-320,text,false,,155,191,220,220,1070,0,1044
1485111532100,1076,Petición HTTP,502,Bad Gateway,Alcaldia 1-390,text,false,,155,191,219,219,1076,0,1044
1485111532101,1076,Petición HTTP,502,Bad Gateway,Alcaldia 1-391,text,false,,155,191,218,218,1076,0,1039
1485111532118,1078,Petición HTTP,502,Bad Gateway,Alcaldia 1-395,text,false,,155,191,217,217,1078,0,1049
1485111532186,1303,Petición HTTP,502,Bad Gateway,Alcaldia 1-416,text,false,,155,191,216,216,1303,0,1272
1485111532360,1132,Petición HTTP,502,Bad Gateway,Alcaldia 1-500,text,false,,155,191,215,215,1132,0,1101
1485111532286,1206,Petición HTTP,502,Bad Gateway,Alcaldia 1-467,text,false,,155,191,214,214,1206,0,1172
1485111532284,1209,Petición HTTP,502,Bad Gateway,Alcaldia 1-466,text,false,,155,191,214,214,1209,0,1177
1485111532282,1211,Petición HTTP,502,Bad Gateway,Alcaldia 1-465,text,false,,155,191,214,214,1211,0,1180
1485111531385,7683,Petición HTTP,200,OK,Alcaldia 1-53,text,true,,77104,191,211,211,7501,0,28
1485111531453,7759,Petición HTTP,200,OK,Alcaldia 1-86,text,true,,77104,191,210,210,7515,0,61
1485111531455,8114,Petición HTTP,200,OK,Alcaldia 1-87,text,true,,77104,191,209,209,7923,0,59
1485111531489,8349,Petición HTTP,200,OK,Alcaldia 1-103,text,true,,77104,191,208,208,8089,0,27
1485111531297,8542,Petición HTTP,200,OK,Alcaldia 1-14,text,true,,77104,191,208,208,8241,0,45
1485111531457,8396,Petición HTTP,200,OK,Alcaldia 1-88,text,true,,77104,191,206,206,8053,0,57
1485111531274,8708,Petición HTTP,200,OK,Alcaldia 1-6,text,true,,77104,191,205,205,8361,0,71
1485111531362,8647,Petición HTTP,200,OK,Alcaldia 1-42,text,true,,77104,191,204,204,8229,0,32
1485111531479,8608,Petición HTTP,200,OK,Alcaldia 1-98,text,true,,77104,191,203,203,8208,0,36
1485111531483,8662,Petición HTTP,200,OK,Alcaldia 1-100,text,true,,77104,191,202,202,8202,0,32
1485111531470,8707,Petición HTTP,200,OK,Alcaldia 1-94,text,true,,77104,191,201,201,8270,0,46
1485111531449,8816,Petición HTTP,200,OK,Alcaldia 1-84,text,true,,77104,191,200,200,8405,0,65
1485111531487,8793,Petición HTTP,200,OK,Alcaldia 1-102,text,true,,77104,191,199,199,8320,0,29
1485111531451,8866,Petición HTTP,200,OK,Alcaldia 1-85,text,true,,77104,191,198,198,8457,0,63
1485111531447,8870,Petición HTTP,200,OK,Alcaldia 1-83,text,true,,77104,191,197,197,8445,0,68
1485111531476,8875,Petición HTTP,200,OK,Alcaldia 1-96,text,true,,77104,191,196,196,8451,0,40
1485111531485,13085,Petición HTTP,404,Not Found,Alcaldia 1-101,text,false,,640,428,195,195,5555,0,35
1485111531477,13093,Petición HTTP,404,Not Found,Alcaldia 1-97,text,false,,640,428,195,195,5588,0,39
1485111531497,13241,Petición HTTP,404,Not Found,Alcaldia 1-107,text,false,,640,428,193,193,5762,0,36
1485111531495,13245,Petición HTTP,404,Not Found,Alcaldia 1-106,text,false,,640,428,192,192,5808,0,36
1485111531516,13224,Petición HTTP,404,Not Found,Alcaldia 1-116,text,false,,640,428,192,192,6253,0,40
1485111531499,13241,Petición HTTP,404,Not Found,Alcaldia 1-108,text,false,,640,428,192,192,6034,0,34
1485111531508,13232,Petición HTTP,404,Not Found,Alcaldia 1-112,text,false,,640,428,191,191,6219,0,47
1485111531493,13247,Petición HTTP,404,Not Found,Alcaldia 1-105,text,false,,640,428,189,189,6019,0,40
1485111531504,13236,Petición HTTP,404,Not Found,Alcaldia 1-110,text,false,,640,428,189,189,6108,0,52
1485111531512,13228,Petición HTTP,404,Not Found,Alcaldia 1-114,text,false,,640,428,189,189,6303,0,57
1485111531501,13239,Petición HTTP,404,Not Found,Alcaldia 1-109,text,false,,640,428,188,188,6319,0,68
1485111531518,13222,Petición HTTP,404,Not Found,Alcaldia 1-117,text,false,,640,428,188,188,6442,0,51
1485111531510,13231,Petición HTTP,404,Not Found,Alcaldia 1-113,text,false,,640,428,187,187,6472,0,59
1485111531505,13236,Petición HTTP,404,Not Found,Alcaldia 1-111,text,false,,640,428,187,187,6615,0,64
1485111531514,13227,Petición HTTP,404,Not Found,Alcaldia 1-115,text,false,,640,428,185,185,6812,0,55
1485111531532,13210,Petición HTTP,404,Not Found,Alcaldia 1-124,text,false,,640,428,184,184,6651,0,38
1485111531520,13222,Petición HTTP,404,Not Found,Alcaldia 1-118,text,false,,640,428,184,184,6997,0,50
1485111531522,13220,Petición HTTP,404,Not Found,Alcaldia 1-119,text,false,,640,428,183,183,6846,0,48
1485111531536,13209,Petición HTTP,404,Not Found,Alcaldia 1-126,text,false,,640,428,177,177,7288,0,60
1485111531534,13211,Petición HTTP,404,Not Found,Alcaldia 1-125,text,false,,640,428,177,177,7146,0,36
1485111531545,13201,Petición HTTP,404,Not Found,Alcaldia 1-130,text,false,,640,428,176,176,7343,0,53
1485111531557,13189,Petición HTTP,404,Not Found,Alcaldia 1-136,text,false,,640,428,175,175,7186,0,40
1485111531526,13220,Petición HTTP,404,Not Found,Alcaldia 1-121,text,false,,640,428,175,175,7065,0,44
1485111531524,13222,Petición HTTP,404,Not Found,Alcaldia 1-120,text,false,,640,428,175,175,7030,0,46
1485111531549,13906,Petición HTTP,404,Not Found,Alcaldia 1-132,text,false,,640,428,171,171,7774,0,49
1485111531597,13861,Petición HTTP,404,Not Found,Alcaldia 1-155,text,false,,640,428,170,170,8700,0,40
1485111531561,13897,Petición HTTP,404,Not Found,Alcaldia 1-138,text,false,,640,428,169,169,7766,0,37
1485111531590,13868,Petición HTTP,404,Not Found,Alcaldia 1-152,text,false,,640,428,169,169,8992,0,48
1485111531607,13851,Petición HTTP,404,Not Found,Alcaldia 1-160,text,false,,640,428,168,168,9133,0,33
1485111531605,13854,Petición HTTP,404,Not Found,Alcaldia 1-159,text,false,,640,428,168,168,8862,0,35
1485111531626,13833,Petición HTTP,404,Not Found,Alcaldia 1-169,text,false,,640,428,166,166,9834,0,34
1485111531595,13864,Petición HTTP,404,Not Found,Alcaldia 1-154,text,false,,640,428,166,166,8837,0,46
1485111531622,13837,Petición HTTP,404,Not Found,Alcaldia 1-167,text,false,,640,428,166,166,9681,0,29
1485111531614,13845,Petición HTTP,404,Not Found,Alcaldia 1-162,text,false,,640,428,166,166,8967,0,26
1485111531633,13826,Petición HTTP,404,Not Found,Alcaldia 1-172,text,false,,640,428,162,162,9928,0,31
1485111531582,13877,Petición HTTP,404,Not Found,Alcaldia 1-148,text,false,,640,428,162,162,8946,0,55
1485111531601,13859,Petición HTTP,404,Not Found,Alcaldia 1-157,text,false,,640,428,161,161,9061,0,39
1485111531620,13840,Petición HTTP,404,Not Found,Alcaldia 1-166,text,false,,640,428,160,160,9527,0,31
1485111531603,13857,Petición HTTP,404,Not Found,Alcaldia 1-158,text,false,,640,428,160,160,9218,0,37
1485111531637,13823,Petición HTTP,404,Not Found,Alcaldia 1-174,text,false,,640,428,159,159,10219,0,28
1485111531608,13852,Petición HTTP,404,Not Found,Alcaldia 1-156,text,false,,640,428,159,159,9234,0,31
1485111531593,13867,Petición HTTP,404,Not Found,Alcaldia 1-153,text,false,,640,428,157,157,9305,0,45
1485111531635,13825,Petición HTTP,404,Not Found,Alcaldia 1-173,text,false,,640,428,157,157,9991,0,30
1485111531614,13847,Petición HTTP,404,Not Found,Alcaldia 1-163,text,false,,640,428,156,156,9391,0,31
1485111531628,13833,Petición HTTP,404,Not Found,Alcaldia 1-170,text,false,,640,428,155,155,10227,0,38
1485111531614,13847,Petición HTTP,404,Not Found,Alcaldia 1-151,text,false,,640,428,155,155,9370,0,31
1485111531618,13843,Petición HTTP,404,Not Found,Alcaldia 1-165,text,false,,640,428,154,154,9473,0,32
1485111531565,13896,Petición HTTP,404,Not Found,Alcaldia 1-140,text,false,,640,428,154,154,7922,0,34
1485111531645,13816,Petición HTTP,404,Not Found,Alcaldia 1-178,text,false,,640,428,153,153,10349,0,33
1485111531616,13845,Petición HTTP,404,Not Found,Alcaldia 1-164,text,false,,640,428,152,152,9686,0,31
1485111531553,13909,Petición HTTP,404,Not Found,Alcaldia 1-134,text,false,,640,428,151,151,7750,0,45
1485111531647,13815,Petición HTTP,404,Not Found,Alcaldia 1-179,text,false,,640,428,151,151,10576,0,31
1485111531584,13878,Petición HTTP,404,Not Found,Alcaldia 1-149,text,false,,640,428,151,151,8713,0,54
1485111531639,13823,Petición HTTP,404,Not Found,Alcaldia 1-175,text,false,,640,428,148,148,10328,0,32
1485111531624,13838,Petición HTTP,404,Not Found,Alcaldia 1-168,text,false,,640,428,148,148,9937,0,30
1485111531613,13849,Petición HTTP,404,Not Found,Alcaldia 1-161,text,false,,640,428,148,148,9533,0,33
1485111531649,13813,Petición HTTP,404,Not Found,Alcaldia 1-180,text,false,,640,428,146,146,10802,0,29
1485111531660,13802,Petición HTTP,404,Not Found,Alcaldia 1-185,text,false,,640,428,146,146,10943,0,22
1485111531662,13800,Petición HTTP,404,Not Found,Alcaldia 1-186,text,false,,640,428,145,145,11273,0,27
1485111531656,13807,Petición HTTP,404,Not Found,Alcaldia 1-183,text,false,,640,428,143,143,10990,0,22
1485111531654,13809,Petición HTTP,404,Not Found,Alcaldia 1-182,text,false,,640,428,143,143,10835,0,25
1485111531658,13805,Petición HTTP,404,Not Found,Alcaldia 1-184,text,false,,640,428,142,142,11009,0,26
1485111531641,13822,Petición HTTP,404,Not Found,Alcaldia 1-176,text,false,,640,428,140,140,10255,0,31
1485111531664,13799,Petición HTTP,404,Not Found,Alcaldia 1-187,text,false,,640,428,140,140,11044,0,23
1485111531671,13792,Petición HTTP,404,Not Found,Alcaldia 1-190,text,false,,640,428,138,138,11265,0,30
1485111531680,13783,Petición HTTP,404,Not Found,Alcaldia 1-194,text,false,,640,428,138,138,11622,0,33
1485111531673,13791,Petición HTTP,404,Not Found,Alcaldia 1-191,text,false,,640,428,137,137,11310,0,31
1485111531694,13770,Petición HTTP,404,Not Found,Alcaldia 1-201,text,false,,640,428,137,137,11999,0,24
1485111531669,13795,Petición HTTP,404,Not Found,Alcaldia 1-189,text,false,,640,428,136,136,11373,0,32
1485111531681,13783,Petición HTTP,404,Not Found,Alcaldia 1-195,text,false,,640,428,136,136,11620,0,31
1485111531685,13779,Petición HTTP,404,Not Found,Alcaldia 1-197,text,false,,640,428,136,136,11611,0,27
1485111531675,13788,Petición HTTP,404,Not Found,Alcaldia 1-192,text,false,,640,428,138,138,11261,0,28
1485111531683,13782,Petición HTTP,404,Not Found,Alcaldia 1-196,text,false,,640,428,133,133,11975,0,28
1485111531643,13822,Petición HTTP,404,Not Found,Alcaldia 1-177,text,false,,640,428,133,133,10360,0,29
1485111531692,13773,Petición HTTP,404,Not Found,Alcaldia 1-200,text,false,,640,428,132,132,11762,0,25
1485111531702,13765,Petición HTTP,404,Not Found,Alcaldia 1-205,text,false,,640,428,128,128,12316,0,27
1485111531706,13762,Petición HTTP,404,Not Found,Alcaldia 1-207,text,false,,640,428,128,128,12334,0,29
1485111531705,13763,Petición HTTP,404,Not Found,Alcaldia 1-206,text,false,,640,428,128,128,12335,0,31
1485111531688,13780,Petición HTTP,404,Not Found,Alcaldia 1-198,text,false,,640,428,128,128,11652,0,25
1485111531709,13759,Petición HTTP,404,Not Found,Alcaldia 1-208,text,false,,640,428,128,128,12309,0,26
1485111531711,13757,Petición HTTP,404,Not Found,Alcaldia 1-209,text,false,,640,428,126,126,12424,0,34
1485111531690,13780,Petición HTTP,404,Not Found,Alcaldia 1-199,text,false,,640,428,121,121,11968,0,23
1485111531700,13769,Petición HTTP,404,Not Found,Alcaldia 1-204,text,false,,640,428,122,122,12318,0,29
1485111531631,13839,Petición HTTP,404,Not Found,Alcaldia 1-171,text,false,,640,428,118,118,10225,0,35
1485111531677,13793,Petición HTTP,404,Not Found,Alcaldia 1-193,text,false,,640,428,116,116,11371,0,28
1485111531652,13818,Petición HTTP,404,Not Found,Alcaldia 1-181,text,false,,640,428,115,115,10762,0,28
1485111531696,13769,Petición HTTP,404,Not Found,Alcaldia 1-202,text,false,,640,428,115,115,12011,0,33
1485111531668,13803,Petición HTTP,404,Not Found,Alcaldia 1-188,text,false,,640,428,112,112,11274,0,33
1485111531698,13774,Petición HTTP,404,Not Found,Alcaldia 1-203,text,false,,640,428,107,107,12119,0,31
1485111531715,13775,Petición HTTP,404,Not Found,Alcaldia 1-211,text,false,,640,428,106,106,12510,0,30
1485111531719,13773,Petición HTTP,404,Not Found,Alcaldia 1-213,text,false,,640,428,105,105,12651,0,34
1485111531713,13780,Petición HTTP,404,Not Found,Alcaldia 1-210,text,false,,640,428,104,104,12553,0,32
1485111531728,13769,Petición HTTP,404,Not Found,Alcaldia 1-217,text,false,,640,428,103,103,12642,0,32
1485111532271,13226,Petición HTTP,404,Not Found,Alcaldia 1-460,text,false,,640,428,102,102,12191,0,1186
1485111532269,13229,Petición HTTP,404,Not Found,Alcaldia 1-459,text,false,,640,428,101,101,12301,0,1189
1485111532148,13350,Petición HTTP,404,Not Found,Alcaldia 1-406,text,false,,640,428,100,100,12378,0,1055
1485111532228,13272,Petición HTTP,404,Not Found,Alcaldia 1-438,text,false,,640,428,99,99,12178,0,73
1485111531717,13783,Petición HTTP,404,Not Found,Alcaldia 1-212,text,false,,640,428,99,99,12475,0,31
1485111531336,14340,Petición HTTP,200,OK,Alcaldia 1-34,text,true,,77104,191,97,97,14120,0,36
1485111531381,14885,Petición HTTP,200,OK,Alcaldia 1-51,text,true,,77104,191,96,96,14283,0,32
1485111531404,14879,Petición HTTP,200,OK,Alcaldia 1-62,text,true,,77104,191,95,95,14311,0,32
1485111531286,15026,Petición HTTP,200,OK,Alcaldia 1-10,text,true,,77104,191,94,94,14216,0,60
1485111531338,15023,Petición HTTP,200,OK,Alcaldia 1-35,text,true,,77104,191,93,93,14158,0,35
1485111531393,15029,Petición HTTP,200,OK,Alcaldia 1-57,text,true,,77104,191,92,92,14262,0,43
1485111531395,15473,Petición HTTP,200,OK,Alcaldia 1-58,text,true,,77104,191,91,91,14164,0,41
1485111531481,15529,Petición HTTP,200,OK,Alcaldia 1-99,text,true,,77104,191,90,90,14181,0,39
1485111531366,15844,Petición HTTP,200,OK,Alcaldia 1-44,text,true,,77104,191,89,89,14124,0,36
1485111531292,15919,Petición HTTP,200,OK,Alcaldia 1-13,text,true,,77104,191,88,88,14287,0,49
1485111531268,15978,Petición HTTP,200,OK,Alcaldia 1-3,text,true,,77104,191,87,87,14326,0,82
1485111531399,16285,Petición HTTP,200,OK,Alcaldia 1-60,text,true,,77104,191,86,86,14250,0,37
1485111531329,16474,Petición HTTP,200,OK,Alcaldia 1-29,text,true,,77104,191,85,85,14334,0,36
1485111531311,16738,Petición HTTP,200,OK,Alcaldia 1-22,text,true,,77104,191,84,84,15468,0,32
1485111531319,16743,Petición HTTP,200,OK,Alcaldia 1-26,text,true,,77104,191,83,83,15056,0,35
1485111531433,17033,Petición HTTP,200,OK,Alcaldia 1-76,text,true,,77104,191,82,82,15068,0,64
1485111531408,17075,Petición HTTP,200,OK,Alcaldia 1-64,text,true,,77104,191,81,81,15131,0,28
1485111531414,17155,Petición HTTP,200,OK,Alcaldia 1-67,text,true,,77104,191,80,80,14187,0,30
1485111531276,17359,Petición HTTP,200,OK,Alcaldia 1-7,text,true,,77104,191,79,79,15056,0,73
1485111531262,17546,Petición HTTP,200,OK,Alcaldia 1-1,text,true,,77104,191,78,78,15505,0,73
1485111531466,17387,Petición HTTP,200,OK,Alcaldia 1-92,text,true,,77104,191,77,77,15253,0,48
1485111531437,17469,Petición HTTP,200,OK,Alcaldia 1-78,text,true,,77104,191,76,76,15233,0,60
1485111531270,17733,Petición HTTP,200,OK,Alcaldia 1-4,text,true,,77104,191,75,75,15471,0,79
1485111531307,17696,Petición HTTP,200,OK,Alcaldia 1-20,text,true,,77104,191,75,75,15037,0,36
1485111531297,17768,Petición HTTP,200,OK,Alcaldia 1-12,text,true,,77104,191,73,73,15453,0,45
1485111531288,17779,Petición HTTP,200,OK,Alcaldia 1-11,text,true,,77104,191,72,72,15435,0,61
1485111531574,17506,Petición HTTP,200,OK,Alcaldia 1-144,text,true,,77104,191,71,71,16484,0,34
1485111531305,17789,Petición HTTP,200,OK,Alcaldia 1-19,text,true,,77104,191,70,70,15455,0,38
1485111531424,17717,Petición HTTP,200,OK,Alcaldia 1-72,text,true,,77104,191,69,69,15080,0,73
1485111531391,18004,Petición HTTP,200,OK,Alcaldia 1-56,text,true,,77104,191,68,68,15065,0,44
1485111531329,18088,Petición HTTP,200,OK,Alcaldia 1-28,text,true,,77104,191,67,67,14907,0,36
1485111531313,18122,Petición HTTP,200,OK,Alcaldia 1-23,text,true,,77104,191,66,66,15281,0,36
1485111531296,18204,Petición HTTP,200,OK,Alcaldia 1-15,text,true,,77104,191,65,65,15181,0,47
1485111531358,18169,Petición HTTP,200,OK,Alcaldia 1-40,text,true,,77104,191,64,64,15393,0,36
1485111531331,18239,Petición HTTP,200,OK,Alcaldia 1-32,text,true,,77104,191,63,63,15144,0,34
1485111531328,18308,Petición HTTP,200,OK,Alcaldia 1-27,text,true,,77104,191,62,62,15007,0,36
1485111531387,18261,Petición HTTP,200,OK,Alcaldia 1-54,text,true,,77104,191,61,61,15089,0,26
1485111531410,18295,Petición HTTP,200,OK,Alcaldia 1-65,text,true,,77104,191,60,60,15288,0,35
1485111531315,18396,Petición HTTP,200,OK,Alcaldia 1-24,text,true,,77104,191,59,59,15478,0,34
1485111531370,18387,Petición HTTP,200,OK,Alcaldia 1-46,text,true,,77104,191,58,58,15026,0,32
1485111531563,18217,Petición HTTP,200,OK,Alcaldia 1-139,text,true,,77104,191,57,57,16284,0,36
1485111531298,18518,Petición HTTP,200,OK,Alcaldia 1-16,text,true,,77104,191,56,56,14165,0,44
1485111531539,18322,Petición HTTP,200,OK,Alcaldia 1-127,text,true,,77104,191,55,55,16381,0,59
1485111531375,18531,Petición HTTP,200,OK,Alcaldia 1-48,text,true,,77104,191,54,54,15119,0,30
1485111531580,18350,Petición HTTP,200,OK,Alcaldia 1-147,text,true,,77104,191,53,53,16401,0,53
1485111531428,18509,Petición HTTP,200,OK,Alcaldia 1-74,text,true,,77104,191,52,52,15088,0,70
1485111531368,18578,Petición HTTP,200,OK,Alcaldia 1-45,text,true,,77104,191,51,51,14958,0,35
1485111531264,18697,Petición HTTP,200,OK,Alcaldia 1-2,text,true,,77104,191,50,50,15025,0,85
1485111531541,18423,Petición HTTP,200,OK,Alcaldia 1-128,text,true,,77104,191,49,49,16037,0,56
1485111531420,18578,Petición HTTP,200,OK,Alcaldia 1-70,text,true,,77104,191,48,48,15219,0,77
1485111531578,18429,Petición HTTP,200,OK,Alcaldia 1-146,text,true,,77104,191,47,47,16098,0,34
1485111531360,18670,Petición HTTP,200,OK,Alcaldia 1-41,text,true,,77104,191,46,46,14957,0,34
1485111531397,18658,Petición HTTP,200,OK,Alcaldia 1-59,text,true,,77104,191,45,45,15133,0,38
1485111531430,18685,Petición HTTP,200,OK,Alcaldia 1-75,text,true,,77104,191,44,44,15266,0,68
1485111531303,18927,Petición HTTP,200,OK,Alcaldia 1-18,text,true,,77104,191,43,43,14259,0,40
1485111531491,18789,Petición HTTP,200,OK,Alcaldia 1-104,text,true,,77104,191,42,42,14836,0,34
1485111531416,18954,Petición HTTP,200,OK,Alcaldia 1-68,text,true,,77104,191,41,41,15310,0,30
1485111531379,19002,Petición HTTP,200,OK,Alcaldia 1-50,text,true,,77104,191,40,40,14872,0,34
1485111531300,19111,Petición HTTP,200,OK,Alcaldia 1-17,text,true,,77104,191,39,39,15197,0,43
1485111531412,19007,Petición HTTP,200,OK,Alcaldia 1-66,text,true,,77104,191,38,38,15281,0,32
1485111531568,18902,Petición HTTP,200,OK,Alcaldia 1-141,text,true,,77104,191,37,37,16370,0,46
1485111531401,19083,Petición HTTP,200,OK,Alcaldia 1-61,text,true,,77104,191,36,36,15204,0,35
1485111531439,19049,Petición HTTP,200,OK,Alcaldia 1-79,text,true,,77104,191,35,35,15326,0,59
1485111531441,19058,Petición HTTP,200,OK,Alcaldia 1-80,text,true,,77104,191,34,34,18049,0,57
1485111531364,19205,Petición HTTP,200,OK,Alcaldia 1-43,text,true,,77104,191,33,33,15086,0,30
1485111531557,19020,Petición HTTP,200,OK,Alcaldia 1-135,text,true,,77104,191,32,32,16396,0,42
1485111531342,19240,Petición HTTP,200,OK,Alcaldia 1-37,text,true,,77104,191,31,31,15015,0,39
1485111531272,19354,Petición HTTP,200,OK,Alcaldia 1-5,text,true,,77104,191,30,30,15314,0,78
1485111531284,19342,Petición HTTP,200,OK,Alcaldia 1-9,text,true,,77104,191,29,29,15186,0,66
1485111531329,19304,Petición HTTP,200,OK,Alcaldia 1-30,text,true,,77104,191,28,28,15463,0,25
1485111531569,19073,Petición HTTP,200,OK,Alcaldia 1-142,text,true,,77104,191,27,27,16256,0,44
1485111531372,19283,Petición HTTP,200,OK,Alcaldia 1-47,text,true,,77104,191,26,26,14099,0,30
1485111531543,19128,Petición HTTP,200,OK,Alcaldia 1-129,text,true,,77104,191,25,25,16622,0,55
1485111531309,19372,Petición HTTP,200,OK,Alcaldia 1-21,text,true,,77104,191,24,24,18268,0,34
1485111531576,19159,Petición HTTP,200,OK,Alcaldia 1-145,text,true,,77104,191,23,23,16568,0,37
1485111531344,19420,Petición HTTP,200,OK,Alcaldia 1-38,text,true,,77104,191,22,22,18349,0,37
1485111531278,19498,Petición HTTP,200,OK,Alcaldia 1-8,text,true,,77104,191,21,21,15241,0,72
1485111531383,19412,Petición HTTP,200,OK,Alcaldia 1-52,text,true,,77104,191,20,20,15477,0,30
1485111531426,19372,Petición HTTP,200,OK,Alcaldia 1-73,text,true,,77104,191,19,19,15431,0,72
1485111531329,19518,Petición HTTP,200,OK,Alcaldia 1-31,text,true,,77104,191,18,18,15665,0,36
1485111531551,19308,Petición HTTP,200,OK,Alcaldia 1-133,text,true,,77104,191,17,17,16119,0,48
1485111531389,19771,Petición HTTP,200,OK,Alcaldia 1-55,text,true,,77104,191,16,16,18055,0,31
1485111531559,19712,Petición HTTP,200,OK,Alcaldia 1-137,text,true,,77104,191,15,15,16279,0,39
1485111531586,19720,Petición HTTP,200,OK,Alcaldia 1-150,text,true,,77104,191,14,14,16433,0,52
1485111531445,20246,Petición HTTP,200,OK,Alcaldia 1-82,text,true,,77104,191,13,13,14905,0,53
1485111531572,20129,Petición HTTP,200,OK,Alcaldia 1-143,text,true,,77104,191,12,12,18912,0,40
1485111531547,20353,Petición HTTP,200,OK,Alcaldia 1-131,text,true,,77104,191,11,11,16246,0,51
1485111531340,20569,Petición HTTP,200,OK,Alcaldia 1-36,text,true,,77104,191,10,10,15053,0,40
1485111531317,20636,Petición HTTP,200,OK,Alcaldia 1-25,text,true,,77104,191,9,9,15095,0,32
1485111531334,20631,Petición HTTP,200,OK,Alcaldia 1-33,text,true,,77104,191,8,8,15236,0,39
1485111531346,20636,Petición HTTP,200,OK,Alcaldia 1-39,text,true,,77104,191,7,7,15113,0,35
1485111531422,20668,Petición HTTP,200,OK,Alcaldia 1-71,text,true,,77104,191,6,6,15198,0,76
1485111531377,24546,Petición HTTP,200,OK,Alcaldia 1-49,text,true,,77104,191,5,5,18270,0,36
1485111531406,25244,Petición HTTP,200,OK,Alcaldia 1-63,text,true,,77104,191,4,4,17842,0,30
1485111531443,25253,Petición HTTP,200,OK,Alcaldia 1-81,text,true,,77104,191,3,3,14992,0,55
1485111531473,25301,Petición HTTP,200,OK,Alcaldia 1-95,text,true,,77104,191,2,2,18055,0,47
1485111531435,25609,Petición HTTP,200,OK,Alcaldia 1-77,text,true,,77104,191,1,1,18055,0,63
